Workbook

Sheet Data
A1: 학년 | B1: 연도 | C1: 월 | D1: 문항번호 | E1: 정답 c_i | F1: 학생 s_i1 | G1: 학생 s_i2 | H1: 학생 s_i3 | I1: 학생 s_i4 | J1: 학생 s_i5 | K1: Ettin-dec-150M P_i1 | L1: Ettin-dec-150M P_i2 | M1: Ettin-dec-150M P_i3 | N1: Ettin-dec-150M P_i4 | O1: Ettin-dec-150M P_i5 | P1: 학생 오답 D1 | Q1: 학생 오답 D2 | R1: 학생 오답 D3 | S1: 학생 오답 D4 | T1: Ettin-dec-150M 오답 D1 | U1: Ettin-dec-150M 오답 D2 | V1: Ettin-dec-150M 오답 D3 | W1: Ettin-dec-150M 오답 D4 | X1: 순위 학생 D1 | Y1: 순위 학생 D2 | Z1: 순위 학생 D3 | AA1: 순위 학생 D4 | AB1: 순위 Ettin-dec-150M D1 | AC1: 순위 Ettin-dec-150M D2 | AD1: 순위 Ettin-dec-150M D3 | AE1: 순위 Ettin-dec-150M D4 | AF1: Pearson Ettin-dec-150M | AG1: Spearman Ettin-dec-150M | AH1: Kendall τ_b Ettin-dec-150M | AI1: o_i Ettin-dec-150M | AJ1: e_i Ettin-dec-150M | AK1: alpha_i Ettin-dec-150M | AL1: 순위_i Ettin-dec-150M | AM1: alpha_random_i | AN1: 오답률 u_i
A2: Grade 3 | B2: 2026 | C2: 5 | D2: 31 | E2: 2 | F2: 18.2 | G2: 62 | H2: 8 | I2: 5.2 | J2: 6.6 | K2: 0.18255723 | L2: 15.122458 | M2: 1.5130091 | N2: 60.91057 | O2: 22.271406 | P2: =INDEX($F2:$J2,IF(1<$E2,1,1+1)) -> 18.2 | Q2: =INDEX($F2:$J2,IF(2<$E2,2,2+1)) -> 8 | R2: =INDEX($F2:$J2,IF(3<$E2,3,3+1)) -> 5.2 | S2: =INDEX($F2:$J2,IF(4<$E2,4,4+1)) -> 6.6 | T2: =INDEX($K2:$O2,IF(1<$E2,1,1+1)) -> 0.18255723 | U2: =INDEX($K2:$O2,IF(2<$E2,2,2+1)) -> 1.5130091 | V2: =INDEX($K2:$O2,IF(3<$E2,3,3+1)) -> 60.91057 | W2: =INDEX($K2:$O2,IF(4<$E2,4,4+1)) -> 22.271406 | X2: =1+COUNTIF($P2:$S2,">"&$P2)+(COUNTIF($P2:$S2,$P2)-1)/2 -> 1 | Y2: =1+COUNTIF($P2:$S2,">"&$Q2)+(COUNTIF($P2:$S2,$Q2)-1)/2 -> 2 | Z2: =1+COUNTIF($P2:$S2,">"&$R2)+(COUNTIF($P2:$S2,$R2)-1)/2 -> 4 | AA2: =1+COUNTIF($P2:$S2,">"&$S2)+(COUNTIF($P2:$S2,$S2)-1)/2 -> 3 | AB2: =1+COUNTIF($T2:$W2,">"&$T2)+(COUNTIF($T2:$W2,$T2)-1)/2 -> 4 | AC2: =1+COUNTIF($T2:$W2,">"&$U2)+(COUNTIF($T2:$W2,$U2)-1)/2 -> 3 | AD2: =1+COUNTIF($T2:$W2,">"&$V2)+(COUNTIF($T2:$W2,$V2)-1)/2 -> 1 | AE2: =1+COUNTIF($T2:$W2,">"&$W2)+(COUNTIF($T2:$W2,$W2)-1)/2 -> 2 | AF2: =IFERROR(CORREL($P2:$S2,$T2:$W2),"") -> -0.65126147 | AG2: =IFERROR(CORREL($X2:$AA2,$AB2:$AE2),"") -> -1 | AH2: =IFERROR((SIGN($P2-$Q2)*SIGN($T2-$U2)+SIGN($P2-$R2)*SIGN($T2-$V2)+SIGN($P2-$S2)*SIGN($T2-$W2)+SIGN($Q2-$R2)*SIGN($U2-$V2)+SIGN($Q2-$S2)*SIGN($U2-$W2)+SIGN($R2-$S2)*SIGN($V2-$W2))/SQRT((6-(($P2=$Q2)*1+($P2=$R2)*1+($P2=$S2)*1+($Q2=$R2)*1+($Q2=$S2)*1+($R2=$S2)*1))*(6-(($T2=$U2)*1+($T2=$V2)*1+($T2=$W2)*1+($U2=$V2)*1+($U2=$W2)*1+($V2=$W2)*1))),"") -> -1 | AI2: =MATCH(MAX($K2:$O2),$K2:$O2,0) -> 4 | AJ2: =IF(AI2<>$E2,1,0) -> 1 | AK2: =IF(AJ2=1,INDEX($F2:$J2,AI2)/MAX($P2:$S2),"") -> 0.28571429 | AL2: =IF(AJ2=1,1+COUNTIF($P2:$S2,">"&INDEX($F2:$J2,AI2)),"") -> 4 | AM2: =AVERAGE($P2:$S2)/MAX($P2:$S2) -> 0.52197802 | AN2: =100-INDEX($F2:$J2,$E2) -> 38
A3: Grade 3 | B3: 2026 | C3: 5 | D3: 32 | E3: 2 | F3: 8.9 | G3: 48.1 | H3: 14.5 | I3: 17.6 | J3: 10.8 | K3: 2.5431071 | L3: 25.61456 | M3: 33.137485 | N3: 17.263968 | O3: 21.44088 | P3: =INDEX($F3:$J3,IF(1<$E3,1,1+1)) -> 8.9 | Q3: =INDEX($F3:$J3,IF(2<$E3,2,2+1)) -> 14.5 | R3: =INDEX($F3:$J3,IF(3<$E3,3,3+1)) -> 17.6 | S3: =INDEX($F3:$J3,IF(4<$E3,4,4+1)) -> 10.8 | T3: =INDEX($K3:$O3,IF(1<$E3,1,1+1)) -> 2.5431071 | U3: =INDEX($K3:$O3,IF(2<$E3,2,2+1)) -> 33.137485 | V3: =INDEX($K3:$O3,IF(3<$E3,3,3+1)) -> 17.263968 | W3: =INDEX($K3:$O3,IF(4<$E3,4,4+1)) -> 21.44088 | X3: =1+COUNTIF($P3:$S3,">"&$P3)+(COUNTIF($P3:$S3,$P3)-1)/2 -> 4 | Y3: =1+COUNTIF($P3:$S3,">"&$Q3)+(COUNTIF($P3:$S3,$Q3)-1)/2 -> 2 | Z3: =1+COUNTIF($P3:$S3,">"&$R3)+(COUNTIF($P3:$S3,$R3)-1)/2 -> 1 | AA3: =1+COUNTIF($P3:$S3,">"&$S3)+(COUNTIF($P3:$S3,$S3)-1)/2 -> 3 | AB3: =1+COUNTIF($T3:$W3,">"&$T3)+(COUNTIF($T3:$W3,$T3)-1)/2 -> 4 | AC3: =1+COUNTIF($T3:$W3,">"&$U3)+(COUNTIF($T3:$W3,$U3)-1)/2 -> 1 | AD3: =1+COUNTIF($T3:$W3,">"&$V3)+(COUNTIF($T3:$W3,$V3)-1)/2 -> 3 | AE3: =1+COUNTIF($T3:$W3,">"&$W3)+(COUNTIF($T3:$W3,$W3)-1)/2 -> 2 | AF3: =IFERROR(CORREL($P3:$S3,$T3:$W3),"") -> 0.51220443 | AG3: =IFERROR(CORREL($X3:$AA3,$AB3:$AE3),"") -> 0.4 | AH3: =IFERROR((SIGN($P3-$Q3)*SIGN($T3-$U3)+SIGN($P3-$R3)*SIGN($T3-$V3)+SIGN($P3-$S3)*SIGN($T3-$W3)+SIGN($Q3-$R3)*SIGN($U3-$V3)+SIGN($Q3-$S3)*SIGN($U3-$W3)+SIGN($R3-$S3)*SIGN($V3-$W3))/SQRT((6-(($P3=$Q3)*1+($P3=$R3)*1+($P3=$S3)*1+($Q3=$R3)*1+($Q3=$S3)*1+($R3=$S3)*1))*(6-(($T3=$U3)*1+($T3=$V3)*1+($T3=$W3)*1+($U3=$V3)*1+($U3=$W3)*1+($V3=$W3)*1))),"") -> 0.33333333 | AI3: =MATCH(MAX($K3:$O3),$K3:$O3,0) -> 3 | AJ3: =IF(AI3<>$E3,1,0) -> 1 | AK3: =IF(AJ3=1,INDEX($F3:$J3,AI3)/MAX($P3:$S3),"") -> 0.82386364 | AL3: =IF(AJ3=1,1+COUNTIF($P3:$S3,">"&INDEX($F3:$J3,AI3)),"") -> 2 | AM3: =AVERAGE($P3:$S3)/MAX($P3:$S3) -> 0.73579545 | AN3: =100-INDEX($F3:$J3,$E3) -> 51.9
A4: Grade 3 | B4: 2026 | C4: 5 | D4: 33 | E4: 2 | F4: 13.1 | G4: 47.1 | H4: 14.6 | I4: 14.2 | J4: 11 | K4: 1.6940783 | L4: 49.203893 | M4: 3.2795561 | N4: 20.252113 | O4: 25.57036 | P4: =INDEX($F4:$J4,IF(1<$E4,1,1+1)) -> 13.1 | Q4: =INDEX($F4:$J4,IF(2<$E4,2,2+1)) -> 14.6 | R4: =INDEX($F4:$J4,IF(3<$E4,3,3+1)) -> 14.2 | S4: =INDEX($F4:$J4,IF(4<$E4,4,4+1)) -> 11 | T4: =INDEX($K4:$O4,IF(1<$E4,1,1+1)) -> 1.6940783 | U4: =INDEX($K4:$O4,IF(2<$E4,2,2+1)) -> 3.2795561 | V4: =INDEX($K4:$O4,IF(3<$E4,3,3+1)) -> 20.252113 | W4: =INDEX($K4:$O4,IF(4<$E4,4,4+1)) -> 25.57036 | X4: =1+COUNTIF($P4:$S4,">"&$P4)+(COUNTIF($P4:$S4,$P4)-1)/2 -> 3 | Y4: =1+COUNTIF($P4:$S4,">"&$Q4)+(COUNTIF($P4:$S4,$Q4)-1)/2 -> 1 | Z4: =1+COUNTIF($P4:$S4,">"&$R4)+(COUNTIF($P4:$S4,$R4)-1)/2 -> 2 | AA4: =1+COUNTIF($P4:$S4,">"&$S4)+(COUNTIF($P4:$S4,$S4)-1)/2 -> 4 | AB4: =1+COUNTIF($T4:$W4,">"&$T4)+(COUNTIF($T4:$W4,$T4)-1)/2 -> 4 | AC4: =1+COUNTIF($T4:$W4,">"&$U4)+(COUNTIF($T4:$W4,$U4)-1)/2 -> 3 | AD4: =1+COUNTIF($T4:$W4,">"&$V4)+(COUNTIF($T4:$W4,$V4)-1)/2 -> 2 | AE4: =1+COUNTIF($T4:$W4,">"&$W4)+(COUNTIF($T4:$W4,$W4)-1)/2 -> 1 | AF4: =IFERROR(CORREL($P4:$S4,$T4:$W4),"") -> -0.56528368 | AG4: =IFERROR(CORREL($X4:$AA4,$AB4:$AE4),"") -> -0.4 | AH4: =IFERROR((SIGN($P4-$Q4)*SIGN($T4-$U4)+SIGN($P4-$R4)*SIGN($T4-$V4)+SIGN($P4-$S4)*SIGN($T4-$W4)+SIGN($Q4-$R4)*SIGN($U4-$V4)+SIGN($Q4-$S4)*SIGN($U4-$W4)+SIGN($R4-$S4)*SIGN($V4-$W4))/SQRT((6-(($P4=$Q4)*1+($P4=$R4)*1+($P4=$S4)*1+($Q4=$R4)*1+($Q4=$S4)*1+($R4=$S4)*1))*(6-(($T4=$U4)*1+($T4=$V4)*1+($T4=$W4)*1+($U4=$V4)*1+($U4=$W4)*1+($V4=$W4)*1))),"") -> -0.33333333 | AI4: =MATCH(MAX($K4:$O4),$K4:$O4,0) -> 2 | AJ4: =IF(AI4<>$E4,1,0) -> 0 | AK4: =IF(AJ4=1,INDEX($F4:$J4,AI4)/MAX($P4:$S4),"") | AL4: =IF(AJ4=1,1+COUNTIF($P4:$S4,">"&INDEX($F4:$J4,AI4)),"") | AM4: =AVERAGE($P4:$S4)/MAX($P4:$S4) -> 0.90582192 | AN4: =100-INDEX($F4:$J4,$E4) -> 52.9
A5: Grade 3 | B5: 2026 | C5: 5 | D5: 34 | E5: 4 | F5: 16.8 | G5: 23.2 | H5: 18.1 | I5: 38.9 | J5: 3 | K5: 6.4327876 | L5: 1.5967562 | M5: 51.726944 | N5: 29.618857 | O5: 10.624655 | P5: =INDEX($F5:$J5,IF(1<$E5,1,1+1)) -> 16.8 | Q5: =INDEX($F5:$J5,IF(2<$E5,2,2+1)) -> 23.2 | R5: =INDEX($F5:$J5,IF(3<$E5,3,3+1)) -> 18.1 | S5: =INDEX($F5:$J5,IF(4<$E5,4,4+1)) -> 3 | T5: =INDEX($K5:$O5,IF(1<$E5,1,1+1)) -> 6.4327876 | U5: =INDEX($K5:$O5,IF(2<$E5,2,2+1)) -> 1.5967562 | V5: =INDEX($K5:$O5,IF(3<$E5,3,3+1)) -> 51.726944 | W5: =INDEX($K5:$O5,IF(4<$E5,4,4+1)) -> 10.624655 | X5: =1+COUNTIF($P5:$S5,">"&$P5)+(COUNTIF($P5:$S5,$P5)-1)/2 -> 3 | Y5: =1+COUNTIF($P5:$S5,">"&$Q5)+(COUNTIF($P5:$S5,$Q5)-1)/2 -> 1 | Z5: =1+COUNTIF($P5:$S5,">"&$R5)+(COUNTIF($P5:$S5,$R5)-1)/2 -> 2 | AA5: =1+COUNTIF($P5:$S5,">"&$S5)+(COUNTIF($P5:$S5,$S5)-1)/2 -> 4 | AB5: =1+COUNTIF($T5:$W5,">"&$T5)+(COUNTIF($T5:$W5,$T5)-1)/2 -> 3 | AC5: =1+COUNTIF($T5:$W5,">"&$U5)+(COUNTIF($T5:$W5,$U5)-1)/2 -> 4 | AD5: =1+COUNTIF($T5:$W5,">"&$V5)+(COUNTIF($T5:$W5,$V5)-1)/2 -> 1 | AE5: =1+COUNTIF($T5:$W5,">"&$W5)+(COUNTIF($T5:$W5,$W5)-1)/2 -> 2 | AF5: =IFERROR(CORREL($P5:$S5,$T5:$W5),"") -> 0.063915258 | AG5: =IFERROR(CORREL($X5:$AA5,$AB5:$AE5),"") -> -0.4 | AH5: =IFERROR((SIGN($P5-$Q5)*SIGN($T5-$U5)+SIGN($P5-$R5)*SIGN($T5-$V5)+SIGN($P5-$S5)*SIGN($T5-$W5)+SIGN($Q5-$R5)*SIGN($U5-$V5)+SIGN($Q5-$S5)*SIGN($U5-$W5)+SIGN($R5-$S5)*SIGN($V5-$W5))/SQRT((6-(($P5=$Q5)*1+($P5=$R5)*1+($P5=$S5)*1+($Q5=$R5)*1+($Q5=$S5)*1+($R5=$S5)*1))*(6-(($T5=$U5)*1+($T5=$V5)*1+($T5=$W5)*1+($U5=$V5)*1+($U5=$W5)*1+($V5=$W5)*1))),"") -> -0.33333333 | AI5: =MATCH(MAX($K5:$O5),$K5:$O5,0) -> 3 | AJ5: =IF(AI5<>$E5,1,0) -> 1 | AK5: =IF(AJ5=1,INDEX($F5:$J5,AI5)/MAX($P5:$S5),"") -> 0.78017241 | AL5: =IF(AJ5=1,1+COUNTIF($P5:$S5,">"&INDEX($F5:$J5,AI5)),"") -> 2 | AM5: =AVERAGE($P5:$S5)/MAX($P5:$S5) -> 0.65840517 | AN5: =100-INDEX($F5:$J5,$E5) -> 61.1
A6: Grade 3 | B6: 2026 | C6: 3 | D6: 31 | E6: 5 | F6: 13.9 | G6: 19.1 | H6: 15.4 | I6: 11.4 | J6: 40.2 | K6: 2.8294423 | L6: 61.884994 | M6: 15.569144 | N6: 1.2974849 | O6: 18.418935 | P6: =INDEX($F6:$J6,IF(1<$E6,1,1+1)) -> 13.9 | Q6: =INDEX($F6:$J6,IF(2<$E6,2,2+1)) -> 19.1 | R6: =INDEX($F6:$J6,IF(3<$E6,3,3+1)) -> 15.4 | S6: =INDEX($F6:$J6,IF(4<$E6,4,4+1)) -> 11.4 | T6: =INDEX($K6:$O6,IF(1<$E6,1,1+1)) -> 2.8294423 | U6: =INDEX($K6:$O6,IF(2<$E6,2,2+1)) -> 61.884994 | V6: =INDEX($K6:$O6,IF(3<$E6,3,3+1)) -> 15.569144 | W6: =INDEX($K6:$O6,IF(4<$E6,4,4+1)) -> 1.2974849 | X6: =1+COUNTIF($P6:$S6,">"&$P6)+(COUNTIF($P6:$S6,$P6)-1)/2 -> 3 | Y6: =1+COUNTIF($P6:$S6,">"&$Q6)+(COUNTIF($P6:$S6,$Q6)-1)/2 -> 1 | Z6: =1+COUNTIF($P6:$S6,">"&$R6)+(COUNTIF($P6:$S6,$R6)-1)/2 -> 2 | AA6: =1+COUNTIF($P6:$S6,">"&$S6)+(COUNTIF($P6:$S6,$S6)-1)/2 -> 4 | AB6: =1+COUNTIF($T6:$W6,">"&$T6)+(COUNTIF($T6:$W6,$T6)-1)/2 -> 3 | AC6: =1+COUNTIF($T6:$W6,">"&$U6)+(COUNTIF($T6:$W6,$U6)-1)/2 -> 1 | AD6: =1+COUNTIF($T6:$W6,">"&$V6)+(COUNTIF($T6:$W6,$V6)-1)/2 -> 2 | AE6: =1+COUNTIF($T6:$W6,">"&$W6)+(COUNTIF($T6:$W6,$W6)-1)/2 -> 4 | AF6: =IFERROR(CORREL($P6:$S6,$T6:$W6),"") -> 0.93401056 | AG6: =IFERROR(CORREL($X6:$AA6,$AB6:$AE6),"") -> 1 | AH6: =IFERROR((SIGN($P6-$Q6)*SIGN($T6-$U6)+SIGN($P6-$R6)*SIGN($T6-$V6)+SIGN($P6-$S6)*SIGN($T6-$W6)+SIGN($Q6-$R6)*SIGN($U6-$V6)+SIGN($Q6-$S6)*SIGN($U6-$W6)+SIGN($R6-$S6)*SIGN($V6-$W6))/SQRT((6-(($P6=$Q6)*1+($P6=$R6)*1+($P6=$S6)*1+($Q6=$R6)*1+($Q6=$S6)*1+($R6=$S6)*1))*(6-(($T6=$U6)*1+($T6=$V6)*1+($T6=$W6)*1+($U6=$V6)*1+($U6=$W6)*1+($V6=$W6)*1))),"") -> 1 | AI6: =MATCH(MAX($K6:$O6),$K6:$O6,0) -> 2 | AJ6: =IF(AI6<>$E6,1,0) -> 1 | AK6: =IF(AJ6=1,INDEX($F6:$J6,AI6)/MAX($P6:$S6),"") -> 1 | AL6: =IF(AJ6=1,1+COUNTIF($P6:$S6,">"&INDEX($F6:$J6,AI6)),"") -> 1 | AM6: =AVERAGE($P6:$S6)/MAX($P6:$S6) -> 0.78272251 | AN6: =100-INDEX($F6:$J6,$E6) -> 59.8
A7: Grade 3 | B7: 2026 | C7: 3 | D7: 32 | E7: 2 | F7: 14.4 | G7: 44.5 | H7: 22.9 | I7: 10 | J7: 8.2 | K7: 16.265638 | L7: 47.404612 | M7: 1.3170914 | N7: 3.004772 | O7: 32.007887 | P7: =INDEX($F7:$J7,IF(1<$E7,1,1+1)) -> 14.4 | Q7: =INDEX($F7:$J7,IF(2<$E7,2,2+1)) -> 22.9 | R7: =INDEX($F7:$J7,IF(3<$E7,3,3+1)) -> 10 | S7: =INDEX($F7:$J7,IF(4<$E7,4,4+1)) -> 8.2 | T7: =INDEX($K7:$O7,IF(1<$E7,1,1+1)) -> 16.265638 | U7: =INDEX($K7:$O7,IF(2<$E7,2,2+1)) -> 1.3170914 | V7: =INDEX($K7:$O7,IF(3<$E7,3,3+1)) -> 3.004772 | W7: =INDEX($K7:$O7,IF(4<$E7,4,4+1)) -> 32.007887 | X7: =1+COUNTIF($P7:$S7,">"&$P7)+(COUNTIF($P7:$S7,$P7)-1)/2 -> 2 | Y7: =1+COUNTIF($P7:$S7,">"&$Q7)+(COUNTIF($P7:$S7,$Q7)-1)/2 -> 1 | Z7: =1+COUNTIF($P7:$S7,">"&$R7)+(COUNTIF($P7:$S7,$R7)-1)/2 -> 3 | AA7: =1+COUNTIF($P7:$S7,">"&$S7)+(COUNTIF($P7:$S7,$S7)-1)/2 -> 4 | AB7: =1+COUNTIF($T7:$W7,">"&$T7)+(COUNTIF($T7:$W7,$T7)-1)/2 -> 2 | AC7: =1+COUNTIF($T7:$W7,">"&$U7)+(COUNTIF($T7:$W7,$U7)-1)/2 -> 4 | AD7: =1+COUNTIF($T7:$W7,">"&$V7)+(COUNTIF($T7:$W7,$V7)-1)/2 -> 3 | AE7: =1+COUNTIF($T7:$W7,">"&$W7)+(COUNTIF($T7:$W7,$W7)-1)/2 -> 1 | AF7: =IFERROR(CORREL($P7:$S7,$T7:$W7),"") -> -0.61722684 | AG7: =IFERROR(CORREL($X7:$AA7,$AB7:$AE7),"") -> -0.8 | AH7: =IFERROR((SIGN($P7-$Q7)*SIGN($T7-$U7)+SIGN($P7-$R7)*SIGN($T7-$V7)+SIGN($P7-$S7)*SIGN($T7-$W7)+SIGN($Q7-$R7)*SIGN($U7-$V7)+SIGN($Q7-$S7)*SIGN($U7-$W7)+SIGN($R7-$S7)*SIGN($V7-$W7))/SQRT((6-(($P7=$Q7)*1+($P7=$R7)*1+($P7=$S7)*1+($Q7=$R7)*1+($Q7=$S7)*1+($R7=$S7)*1))*(6-(($T7=$U7)*1+($T7=$V7)*1+($T7=$W7)*1+($U7=$V7)*1+($U7=$W7)*1+($V7=$W7)*1))),"") -> -0.66666667 | AI7: =MATCH(MAX($K7:$O7),$K7:$O7,0) -> 2 | AJ7: =IF(AI7<>$E7,1,0) -> 0 | AK7: =IF(AJ7=1,INDEX($F7:$J7,AI7)/MAX($P7:$S7),"") | AL7: =IF(AJ7=1,1+COUNTIF($P7:$S7,">"&INDEX($F7:$J7,AI7)),"") | AM7: =AVERAGE($P7:$S7)/MAX($P7:$S7) -> 0.6058952 | AN7: =100-INDEX($F7:$J7,$E7) -> 55.5
A8: Grade 3 | B8: 2026 | C8: 3 | D8: 33 | E8: 3 | F8: 11.3 | G8: 18 | H8: 36.5 | I8: 22.1 | J8: 12.1 | K8: 9.0867321 | L8: 1.4790405 | M8: 14.940552 | N8: 51.149972 | O8: 23.343703 | P8: =INDEX($F8:$J8,IF(1<$E8,1,1+1)) -> 11.3 | Q8: =INDEX($F8:$J8,IF(2<$E8,2,2+1)) -> 18 | R8: =INDEX($F8:$J8,IF(3<$E8,3,3+1)) -> 22.1 | S8: =INDEX($F8:$J8,IF(4<$E8,4,4+1)) -> 12.1 | T8: =INDEX($K8:$O8,IF(1<$E8,1,1+1)) -> 9.0867321 | U8: =INDEX($K8:$O8,IF(2<$E8,2,2+1)) -> 1.4790405 | V8: =INDEX($K8:$O8,IF(3<$E8,3,3+1)) -> 51.149972 | W8: =INDEX($K8:$O8,IF(4<$E8,4,4+1)) -> 23.343703 | X8: =1+COUNTIF($P8:$S8,">"&$P8)+(COUNTIF($P8:$S8,$P8)-1)/2 -> 4 | Y8: =1+COUNTIF($P8:$S8,">"&$Q8)+(COUNTIF($P8:$S8,$Q8)-1)/2 -> 2 | Z8: =1+COUNTIF($P8:$S8,">"&$R8)+(COUNTIF($P8:$S8,$R8)-1)/2 -> 1 | AA8: =1+COUNTIF($P8:$S8,">"&$S8)+(COUNTIF($P8:$S8,$S8)-1)/2 -> 3 | AB8: =1+COUNTIF($T8:$W8,">"&$T8)+(COUNTIF($T8:$W8,$T8)-1)/2 -> 3 | AC8: =1+COUNTIF($T8:$W8,">"&$U8)+(COUNTIF($T8:$W8,$U8)-1)/2 -> 4 | AD8: =1+COUNTIF($T8:$W8,">"&$V8)+(COUNTIF($T8:$W8,$V8)-1)/2 -> 1 | AE8: =1+COUNTIF($T8:$W8,">"&$W8)+(COUNTIF($T8:$W8,$W8)-1)/2 -> 2 | AF8: =IFERROR(CORREL($P8:$S8,$T8:$W8),"") -> 0.57138127 | AG8: =IFERROR(CORREL($X8:$AA8,$AB8:$AE8),"") -> 0.4 | AH8: =IFERROR((SIGN($P8-$Q8)*SIGN($T8-$U8)+SIGN($P8-$R8)*SIGN($T8-$V8)+SIGN($P8-$S8)*SIGN($T8-$W8)+SIGN($Q8-$R8)*SIGN($U8-$V8)+SIGN($Q8-$S8)*SIGN($U8-$W8)+SIGN($R8-$S8)*SIGN($V8-$W8))/SQRT((6-(($P8=$Q8)*1+($P8=$R8)*1+($P8=$S8)*1+($Q8=$R8)*1+($Q8=$S8)*1+($R8=$S8)*1))*(6-(($T8=$U8)*1+($T8=$V8)*1+($T8=$W8)*1+($U8=$V8)*1+($U8=$W8)*1+($V8=$W8)*1))),"") -> 0.33333333 | AI8: =MATCH(MAX($K8:$O8),$K8:$O8,0) -> 4 | AJ8: =IF(AI8<>$E8,1,0) -> 1 | AK8: =IF(AJ8=1,INDEX($F8:$J8,AI8)/MAX($P8:$S8),"") -> 1 | AL8: =IF(AJ8=1,1+COUNTIF($P8:$S8,">"&INDEX($F8:$J8,AI8)),"") -> 1 | AM8: =AVERAGE($P8:$S8)/MAX($P8:$S8) -> 0.71832579 | AN8: =100-INDEX($F8:$J8,$E8) -> 63.5
A9: Grade 3 | B9: 2026 | C9: 3 | D9: 34 | E9: 3 | F9: 15.9 | G9: 15 | H9: 46 | I9: 13.8 | J9: 9.2 | K9: 5.6407959 | L9: 14.334292 | M9: 58.659739 | N9: 4.5627346 | O9: 16.802439 | P9: =INDEX($F9:$J9,IF(1<$E9,1,1+1)) -> 15.9 | Q9: =INDEX($F9:$J9,IF(2<$E9,2,2+1)) -> 15 | R9: =INDEX($F9:$J9,IF(3<$E9,3,3+1)) -> 13.8 | S9: =INDEX($F9:$J9,IF(4<$E9,4,4+1)) -> 9.2 | T9: =INDEX($K9:$O9,IF(1<$E9,1,1+1)) -> 5.6407959 | U9: =INDEX($K9:$O9,IF(2<$E9,2,2+1)) -> 14.334292 | V9: =INDEX($K9:$O9,IF(3<$E9,3,3+1)) -> 4.5627346 | W9: =INDEX($K9:$O9,IF(4<$E9,4,4+1)) -> 16.802439 | X9: =1+COUNTIF($P9:$S9,">"&$P9)+(COUNTIF($P9:$S9,$P9)-1)/2 -> 1 | Y9: =1+COUNTIF($P9:$S9,">"&$Q9)+(COUNTIF($P9:$S9,$Q9)-1)/2 -> 2 | Z9: =1+COUNTIF($P9:$S9,">"&$R9)+(COUNTIF($P9:$S9,$R9)-1)/2 -> 3 | AA9: =1+COUNTIF($P9:$S9,">"&$S9)+(COUNTIF($P9:$S9,$S9)-1)/2 -> 4 | AB9: =1+COUNTIF($T9:$W9,">"&$T9)+(COUNTIF($T9:$W9,$T9)-1)/2 -> 3 | AC9: =1+COUNTIF($T9:$W9,">"&$U9)+(COUNTIF($T9:$W9,$U9)-1)/2 -> 2 | AD9: =1+COUNTIF($T9:$W9,">"&$V9)+(COUNTIF($T9:$W9,$V9)-1)/2 -> 4 | AE9: =1+COUNTIF($T9:$W9,">"&$W9)+(COUNTIF($T9:$W9,$W9)-1)/2 -> 1 | AF9: =IFERROR(CORREL($P9:$S9,$T9:$W9),"") -> -0.63455889 | AG9: =IFERROR(CORREL($X9:$AA9,$AB9:$AE9),"") -> -0.4 | AH9: =IFERROR((SIGN($P9-$Q9)*SIGN($T9-$U9)+SIGN($P9-$R9)*SIGN($T9-$V9)+SIGN($P9-$S9)*SIGN($T9-$W9)+SIGN($Q9-$R9)*SIGN($U9-$V9)+SIGN($Q9-$S9)*SIGN($U9-$W9)+SIGN($R9-$S9)*SIGN($V9-$W9))/SQRT((6-(($P9=$Q9)*1+($P9=$R9)*1+($P9=$S9)*1+($Q9=$R9)*1+($Q9=$S9)*1+($R9=$S9)*1))*(6-(($T9=$U9)*1+($T9=$V9)*1+($T9=$W9)*1+($U9=$V9)*1+($U9=$W9)*1+($V9=$W9)*1))),"") -> -0.33333333 | AI9: =MATCH(MAX($K9:$O9),$K9:$O9,0) -> 3 | AJ9: =IF(AI9<>$E9,1,0) -> 0 | AK9: =IF(AJ9=1,INDEX($F9:$J9,AI9)/MAX($P9:$S9),"") | AL9: =IF(AJ9=1,1+COUNTIF($P9:$S9,">"&INDEX($F9:$J9,AI9)),"") | AM9: =AVERAGE($P9:$S9)/MAX($P9:$S9) -> 0.84748428 | AN9: =100-INDEX($F9:$J9,$E9) -> 54
A10: Grade 3 | B10: 2026 | C10: CSAT odd | D10: 31 | E10: 1 | F10: 39.8 | G10: 36.1 | H10: 11.4 | I10: 7.5 | J10: 5.2 | K10: 98.166119 | L10: 1.3129876 | M10: 0.18545657 | N10: 0.33500471 | O10: 0.00043216003 | P10: =INDEX($F10:$J10,IF(1<$E10,1,1+1)) -> 36.1 | Q10: =INDEX($F10:$J10,IF(2<$E10,2,2+1)) -> 11.4 | R10: =INDEX($F10:$J10,IF(3<$E10,3,3+1)) -> 7.5 | S10: =INDEX($F10:$J10,IF(4<$E10,4,4+1)) -> 5.2 | T10: =INDEX($K10:$O10,IF(1<$E10,1,1+1)) -> 1.3129876 | U10: =INDEX($K10:$O10,IF(2<$E10,2,2+1)) -> 0.18545657 | V10: =INDEX($K10:$O10,IF(3<$E10,3,3+1)) -> 0.33500471 | W10: =INDEX($K10:$O10,IF(4<$E10,4,4+1)) -> 0.00043216003 | X10: =1+COUNTIF($P10:$S10,">"&$P10)+(COUNTIF($P10:$S10,$P10)-1)/2 -> 1 | Y10: =1+COUNTIF($P10:$S10,">"&$Q10)+(COUNTIF($P10:$S10,$Q10)-1)/2 -> 2 | Z10: =1+COUNTIF($P10:$S10,">"&$R10)+(COUNTIF($P10:$S10,$R10)-1)/2 -> 3 | AA10: =1+COUNTIF($P10:$S10,">"&$S10)+(COUNTIF($P10:$S10,$S10)-1)/2 -> 4 | AB10: =1+COUNTIF($T10:$W10,">"&$T10)+(COUNTIF($T10:$W10,$T10)-1)/2 -> 1 | AC10: =1+COUNTIF($T10:$W10,">"&$U10)+(COUNTIF($T10:$W10,$U10)-1)/2 -> 3 | AD10: =1+COUNTIF($T10:$W10,">"&$V10)+(COUNTIF($T10:$W10,$V10)-1)/2 -> 2 | AE10: =1+COUNTIF($T10:$W10,">"&$W10)+(COUNTIF($T10:$W10,$W10)-1)/2 -> 4 | AF10: =IFERROR(CORREL($P10:$S10,$T10:$W10),"") -> 0.97429305 | AG10: =IFERROR(CORREL($X10:$AA10,$AB10:$AE10),"") -> 0.8 | AH10: =IFERROR((SIGN($P10-$Q10)*SIGN($T10-$U10)+SIGN($P10-$R10)*SIGN($T10-$V10)+SIGN($P10-$S10)*SIGN($T10-$W10)+SIGN($Q10-$R10)*SIGN($U10-$V10)+SIGN($Q10-$S10)*SIGN($U10-$W10)+SIGN($R10-$S10)*SIGN($V10-$W10))/SQRT((6-(($P10=$Q10)*1+($P10=$R10)*1+($P10=$S10)*1+($Q10=$R10)*1+($Q10=$S10)*1+($R10=$S10)*1))*(6-(($T10=$U10)*1+($T10=$V10)*1+($T10=$W10)*1+($U10=$V10)*1+($U10=$W10)*1+($V10=$W10)*1))),"") -> 0.66666667 | AI10: =MATCH(MAX($K10:$O10),$K10:$O10,0) -> 1 | AJ10: =IF(AI10<>$E10,1,0) -> 0 | AK10: =IF(AJ10=1,INDEX($F10:$J10,AI10)/MAX($P10:$S10),"") | AL10: =IF(AJ10=1,1+COUNTIF($P10:$S10,">"&INDEX($F10:$J10,AI10)),"") | AM10: =AVERAGE($P10:$S10)/MAX($P10:$S10) -> 0.41689751 | AN10: =100-INDEX($F10:$J10,$E10) -> 60.2
A11: Grade 3 | B11: 2026 | C11: CSAT odd | D11: 32 | E11: 5 | F11: 15.2 | G11: 38.9 | H11: 12.1 | I11: 14 | J11: 19.9 | K11: 46.913019 | L11: 9.5514279 | M11: 19.593679 | N11: 11.425746 | O11: 12.516128 | P11: =INDEX($F11:$J11,IF(1<$E11,1,1+1)) -> 15.2 | Q11: =INDEX($F11:$J11,IF(2<$E11,2,2+1)) -> 38.9 | R11: =INDEX($F11:$J11,IF(3<$E11,3,3+1)) -> 12.1 | S11: =INDEX($F11:$J11,IF(4<$E11,4,4+1)) -> 14 | T11: =INDEX($K11:$O11,IF(1<$E11,1,1+1)) -> 46.913019 | U11: =INDEX($K11:$O11,IF(2<$E11,2,2+1)) -> 9.5514279 | V11: =INDEX($K11:$O11,IF(3<$E11,3,3+1)) -> 19.593679 | W11: =INDEX($K11:$O11,IF(4<$E11,4,4+1)) -> 11.425746 | X11: =1+COUNTIF($P11:$S11,">"&$P11)+(COUNTIF($P11:$S11,$P11)-1)/2 -> 2 | Y11: =1+COUNTIF($P11:$S11,">"&$Q11)+(COUNTIF($P11:$S11,$Q11)-1)/2 -> 1 | Z11: =1+COUNTIF($P11:$S11,">"&$R11)+(COUNTIF($P11:$S11,$R11)-1)/2 -> 4 | AA11: =1+COUNTIF($P11:$S11,">"&$S11)+(COUNTIF($P11:$S11,$S11)-1)/2 -> 3 | AB11: =1+COUNTIF($T11:$W11,">"&$T11)+(COUNTIF($T11:$W11,$T11)-1)/2 -> 1 | AC11: =1+COUNTIF($T11:$W11,">"&$U11)+(COUNTIF($T11:$W11,$U11)-1)/2 -> 4 | AD11: =1+COUNTIF($T11:$W11,">"&$V11)+(COUNTIF($T11:$W11,$V11)-1)/2 -> 2 | AE11: =1+COUNTIF($T11:$W11,">"&$W11)+(COUNTIF($T11:$W11,$W11)-1)/2 -> 3 | AF11: =IFERROR(CORREL($P11:$S11,$T11:$W11),"") -> -0.41658089 | AG11: =IFERROR(CORREL($X11:$AA11,$AB11:$AE11),"") -> -0.4 | AH11: =IFERROR((SIGN($P11-$Q11)*SIGN($T11-$U11)+SIGN($P11-$R11)*SIGN($T11-$V11)+SIGN($P11-$S11)*SIGN($T11-$W11)+SIGN($Q11-$R11)*SIGN($U11-$V11)+SIGN($Q11-$S11)*SIGN($U11-$W11)+SIGN($R11-$S11)*SIGN($V11-$W11))/SQRT((6-(($P11=$Q11)*1+($P11=$R11)*1+($P11=$S11)*1+($Q11=$R11)*1+($Q11=$S11)*1+($R11=$S11)*1))*(6-(($T11=$U11)*1+($T11=$V11)*1+($T11=$W11)*1+($U11=$V11)*1+($U11=$W11)*1+($V11=$W11)*1))),"") -> -0.33333333 | AI11: =MATCH(MAX($K11:$O11),$K11:$O11,0) -> 1 | AJ11: =IF(AI11<>$E11,1,0) -> 1 | AK11: =IF(AJ11=1,INDEX($F11:$J11,AI11)/MAX($P11:$S11),"") -> 0.3907455 | AL11: =IF(AJ11=1,1+COUNTIF($P11:$S11,">"&INDEX($F11:$J11,AI11)),"") -> 2 | AM11: =AVERAGE($P11:$S11)/MAX($P11:$S11) -> 0.51542416 | AN11: =100-INDEX($F11:$J11,$E11) -> 80.1
A12: Grade 3 | B12: 2026 | C12: CSAT odd | D12: 33 | E12: 4 | F12: 14.4 | G12: 32.3 | H12: 13.1 | I12: 18.4 | J12: 21.9 | K12: 8.0896296 | L12: 36.259161 | M12: 13.428941 | N12: 26.803949 | O12: 15.41832 | P12: =INDEX($F12:$J12,IF(1<$E12,1,1+1)) -> 14.4 | Q12: =INDEX($F12:$J12,IF(2<$E12,2,2+1)) -> 32.3 | R12: =INDEX($F12:$J12,IF(3<$E12,3,3+1)) -> 13.1 | S12: =INDEX($F12:$J12,IF(4<$E12,4,4+1)) -> 21.9 | T12: =INDEX($K12:$O12,IF(1<$E12,1,1+1)) -> 8.0896296 | U12: =INDEX($K12:$O12,IF(2<$E12,2,2+1)) -> 36.259161 | V12: =INDEX($K12:$O12,IF(3<$E12,3,3+1)) -> 13.428941 | W12: =INDEX($K12:$O12,IF(4<$E12,4,4+1)) -> 15.41832 | X12: =1+COUNTIF($P12:$S12,">"&$P12)+(COUNTIF($P12:$S12,$P12)-1)/2 -> 3 | Y12: =1+COUNTIF($P12:$S12,">"&$Q12)+(COUNTIF($P12:$S12,$Q12)-1)/2 -> 1 | Z12: =1+COUNTIF($P12:$S12,">"&$R12)+(COUNTIF($P12:$S12,$R12)-1)/2 -> 4 | AA12: =1+COUNTIF($P12:$S12,">"&$S12)+(COUNTIF($P12:$S12,$S12)-1)/2 -> 2 | AB12: =1+COUNTIF($T12:$W12,">"&$T12)+(COUNTIF($T12:$W12,$T12)-1)/2 -> 4 | AC12: =1+COUNTIF($T12:$W12,">"&$U12)+(COUNTIF($T12:$W12,$U12)-1)/2 -> 1 | AD12: =1+COUNTIF($T12:$W12,">"&$V12)+(COUNTIF($T12:$W12,$V12)-1)/2 -> 3 | AE12: =1+COUNTIF($T12:$W12,">"&$W12)+(COUNTIF($T12:$W12,$W12)-1)/2 -> 2 | AF12: =IFERROR(CORREL($P12:$S12,$T12:$W12),"") -> 0.93624405 | AG12: =IFERROR(CORREL($X12:$AA12,$AB12:$AE12),"") -> 0.8 | AH12: =IFERROR((SIGN($P12-$Q12)*SIGN($T12-$U12)+SIGN($P12-$R12)*SIGN($T12-$V12)+SIGN($P12-$S12)*SIGN($T12-$W12)+SIGN($Q12-$R12)*SIGN($U12-$V12)+SIGN($Q12-$S12)*SIGN($U12-$W12)+SIGN($R12-$S12)*SIGN($V12-$W12))/SQRT((6-(($P12=$Q12)*1+($P12=$R12)*1+($P12=$S12)*1+($Q12=$R12)*1+($Q12=$S12)*1+($R12=$S12)*1))*(6-(($T12=$U12)*1+($T12=$V12)*1+($T12=$W12)*1+($U12=$V12)*1+($U12=$W12)*1+($V12=$W12)*1))),"") -> 0.66666667 | AI12: =MATCH(MAX($K12:$O12),$K12:$O12,0) -> 2 | AJ12: =IF(AI12<>$E12,1,0) -> 1 | AK12: =IF(AJ12=1,INDEX($F12:$J12,AI12)/MAX($P12:$S12),"") -> 1 | AL12: =IF(AJ12=1,1+COUNTIF($P12:$S12,">"&INDEX($F12:$J12,AI12)),"") -> 1 | AM12: =AVERAGE($P12:$S12)/MAX($P12:$S12) -> 0.63235294 | AN12: =100-INDEX($F12:$J12,$E12) -> 81.6
A13: Grade 3 | B13: 2026 | C13: CSAT odd | D13: 34 | E13: 3 | F13: 14.6 | G13: 34 | H13: 19.5 | I13: 12.2 | J13: 19.6 | K13: 5.9750436 | L13: 25.406914 | M13: 55.647664 | N13: 10.967397 | O13: 2.0029817 | P13: =INDEX($F13:$J13,IF(1<$E13,1,1+1)) -> 14.6 | Q13: =INDEX($F13:$J13,IF(2<$E13,2,2+1)) -> 34 | R13: =INDEX($F13:$J13,IF(3<$E13,3,3+1)) -> 12.2 | S13: =INDEX($F13:$J13,IF(4<$E13,4,4+1)) -> 19.6 | T13: =INDEX($K13:$O13,IF(1<$E13,1,1+1)) -> 5.9750436 | U13: =INDEX($K13:$O13,IF(2<$E13,2,2+1)) -> 25.406914 | V13: =INDEX($K13:$O13,IF(3<$E13,3,3+1)) -> 10.967397 | W13: =INDEX($K13:$O13,IF(4<$E13,4,4+1)) -> 2.0029817 | X13: =1+COUNTIF($P13:$S13,">"&$P13)+(COUNTIF($P13:$S13,$P13)-1)/2 -> 3 | Y13: =1+COUNTIF($P13:$S13,">"&$Q13)+(COUNTIF($P13:$S13,$Q13)-1)/2 -> 1 | Z13: =1+COUNTIF($P13:$S13,">"&$R13)+(COUNTIF($P13:$S13,$R13)-1)/2 -> 4 | AA13: =1+COUNTIF($P13:$S13,">"&$S13)+(COUNTIF($P13:$S13,$S13)-1)/2 -> 2 | AB13: =1+COUNTIF($T13:$W13,">"&$T13)+(COUNTIF($T13:$W13,$T13)-1)/2 -> 3 | AC13: =1+COUNTIF($T13:$W13,">"&$U13)+(COUNTIF($T13:$W13,$U13)-1)/2 -> 1 | AD13: =1+COUNTIF($T13:$W13,">"&$V13)+(COUNTIF($T13:$W13,$V13)-1)/2 -> 2 | AE13: =1+COUNTIF($T13:$W13,">"&$W13)+(COUNTIF($T13:$W13,$W13)-1)/2 -> 4 | AF13: =IFERROR(CORREL($P13:$S13,$T13:$W13),"") -> 0.77652034 | AG13: =IFERROR(CORREL($X13:$AA13,$AB13:$AE13),"") -> 0.2 | AH13: =IFERROR((SIGN($P13-$Q13)*SIGN($T13-$U13)+SIGN($P13-$R13)*SIGN($T13-$V13)+SIGN($P13-$S13)*SIGN($T13-$W13)+SIGN($Q13-$R13)*SIGN($U13-$V13)+SIGN($Q13-$S13)*SIGN($U13-$W13)+SIGN($R13-$S13)*SIGN($V13-$W13))/SQRT((6-(($P13=$Q13)*1+($P13=$R13)*1+($P13=$S13)*1+($Q13=$R13)*1+($Q13=$S13)*1+($R13=$S13)*1))*(6-(($T13=$U13)*1+($T13=$V13)*1+($T13=$W13)*1+($U13=$V13)*1+($U13=$W13)*1+($V13=$W13)*1))),"") -> 0 | AI13: =MATCH(MAX($K13:$O13),$K13:$O13,0) -> 3 | AJ13: =IF(AI13<>$E13,1,0) -> 0 | AK13: =IF(AJ13=1,INDEX($F13:$J13,AI13)/MAX($P13:$S13),"") | AL13: =IF(AJ13=1,1+COUNTIF($P13:$S13,">"&INDEX($F13:$J13,AI13)),"") | AM13: =AVERAGE($P13:$S13)/MAX($P13:$S13) -> 0.59117647 | AN13: =100-INDEX($F13:$J13,$E13) -> 80.5
... A716: Grade 1 | B716: 2013 | C716: 3 | D716: 36 | E716: 3 | F716: 17.4 | G716: 12.3 | H716: 46.7 | I716: 5.5 | J716: 13.6 | K716: 10.598902 | L716: 1.5753178 | M716: 60.541095 | N716: 12.202822 | O716: 15.081864 | P716: =INDEX($F716:$J716,IF(1<$E716,1,1+1)) -> 17.4 | Q716: =INDEX($F716:$J716,IF(2<$E716,2,2+1)) -> 12.3 | R716: =INDEX($F716:$J716,IF(3<$E716,3,3+1)) -> 5.5 | S716: =INDEX($F716:$J716,IF(4<$E716,4,4+1)) -> 13.6 | T716: =INDEX($K716:$O716,IF(1<$E716,1,1+1)) -> 10.598902 | U716: =INDEX($K716:$O716,IF(2<$E716,2,2+1)) -> 1.5753178 | V716: =INDEX($K716:$O716,IF(3<$E716,3,3+1)) -> 12.202822 | W716: =INDEX($K716:$O716,IF(4<$E716,4,4+1)) -> 15.081864 | X716: =1+COUNTIF($P716:$S716,">"&$P716)+(COUNTIF($P716:$S716,$P716)-1)/2 -> 1 | Y716: =1+COUNTIF($P716:$S716,">"&$Q716)+(COUNTIF($P716:$S716,$Q716)-1)/2 -> 3 | Z716: =1+COUNTIF($P716:$S716,">"&$R716)+(COUNTIF($P716:$S716,$R716)-1)/2 -> 4 | AA716: =1+COUNTIF($P716:$S716,">"&$S716)+(COUNTIF($P716:$S716,$S716)-1)/2 -> 2 | AB716: =1+COUNTIF($T716:$W716,">"&$T716)+(COUNTIF($T716:$W716,$T716)-1)/2 -> 3 | AC716: =1+COUNTIF($T716:$W716,">"&$U716)+(COUNTIF($T716:$W716,$U716)-1)/2 -> 4 | AD716: =1+COUNTIF($T716:$W716,">"&$V716)+(COUNTIF($T716:$W716,$V716)-1)/2 -> 2 | AE716: =1+COUNTIF($T716:$W716,">"&$W716)+(COUNTIF($T716:$W716,$W716)-1)/2 -> 1 | AF716: =IFERROR(CORREL($P716:$S716,$T716:$W716),"") -> -0.061898901 | AG716: =IFERROR(CORREL($X716:$AA716,$AB716:$AE716),"") -> 0 | AH716: =IFERROR((SIGN($P716-$Q716)*SIGN($T716-$U716)+SIGN($P716-$R716)*SIGN($T716-$V716)+SIGN($P716-$S716)*SIGN($T716-$W716)+SIGN($Q716-$R716)*SIGN($U716-$V716)+SIGN($Q716-$S716)*SIGN($U716-$W716)+SIGN($R716-$S716)*SIGN($V716-$W716))/SQRT((6-(($P716=$Q716)*1+($P716=$R716)*1+($P716=$S716)*1+($Q716=$R716)*1+($Q716=$S716)*1+($R716=$S716)*1))*(6-(($T716=$U716)*1+($T716=$V716)*1+($T716=$W716)*1+($U716=$V716)*1+($U716=$W716)*1+($V716=$W716)*1))),"") -> 0 | AI716: =MATCH(MAX($K716:$O716),$K716:$O716,0) -> 3 | AJ716: =IF(AI716<>$E716,1,0) -> 0 | AK716: =IF(AJ716=1,INDEX($F716:$J716,AI716)/MAX($P716:$S716),"") | AL716: =IF(AJ716=1,1+COUNTIF($P716:$S716,">"&INDEX($F716:$J716,AI716)),"") | AM716: =AVERAGE($P716:$S716)/MAX($P716:$S716) -> 0.70114943 | AN716: =100-INDEX($F716:$J716,$E716) -> 53.3

Sheet Summary
A1: 표 1. 오답 분포 상관 (정답 제외, 오답 4개 기준) [Clark식 단어 수준 집계(agg word) 판 · 확률 고정밀(반올림 없음) · Ettin-dec-150M]
A2: 모델 | B2: Pearson r̄ | C2: Spearman ρ̄ | D2: Kendall τ̄_b | E2: n
A3: Ettin-dec-150M | B3: =AVERAGE(Data!$AF$2:$AF$716) -> 0.13337055 | C3: =AVERAGE(Data!$AG$2:$AG$716) -> 0.13992229 | D3: =AVERAGE(Data!$AH$2:$AH$716) -> 0.11715396 | E3: =COUNT(Data!$AF$2:$AF$716) -> 715
A5: 표 2. 오류 시 정렬점수 α 및 독자 오답 순위별 일치율 [Clark식 단어 수준 집계(agg word) 판 · 확률 고정밀(반올림 없음) · Ettin-dec-150M]
A6: 모델 | B6: n_err | C6: ᾱ | D6: 1순위(%) | E6: 2순위(%) | F6: 3순위(%) | G6: 4순위(%) | H6: 1순위 문항수 | I6: 합계(%) | J6: Top-1 이항 p (단측, 기준 .25)
A7: Ettin-dec-150M | B7: =SUM(Data!$AJ$2:$AJ$716) -> 376 | C7: =AVERAGE(Data!$AK$2:$AK$716) -> 0.73931266 | D7: =COUNTIF(Data!$AL$2:$AL$716,1)/$B$7*100 -> 30.319149 | E7: =COUNTIF(Data!$AL$2:$AL$716,2)/$B$7*100 -> 25 | F7: =COUNTIF(Data!$AL$2:$AL$716,3)/$B$7*100 -> 25.797872 | G7: =COUNTIF(Data!$AL$2:$AL$716,4)/$B$7*100 -> 18.882979 | H7: =COUNTIF(Data!$AL$2:$AL$716,1) -> 114 | I7: =SUM(D7:G7) -> 100 | J7: =1-BINOMDIST(H7-1,B7,0.25,TRUE()) -> 0.011202599
A8: 무작위 기준선 | C8: =AVERAGE(Data!$AM$2:$AM$716) -> 0.71022882 | D8: 25 | E8: 25 | F8: 25 | G8: 25 | I8: 100
A10: 부록 A.5. 문항 난이도와 모델 정답확률의 상관 R
A11: 모델 | B11: R | C11: n
A12: Ettin-dec-150M | B12: =CORREL(Data!$AN$2:$AN$716,Helper!$B$2:$B$716) -> -0.12031137 | C12: =COUNT(Helper!$B$2:$B$716) -> 715
A14: 검산: 표 2의 각 행은 합계(%)가 정확히 100.0이어야 한다.
A15: 검산: 표 1의 n은 오답 4개 확률이 영분산인 문항을 제외한 값이다.
A16: 검산: J열 이항검정은 Top-1 일치 수(H)와 오류 문항 수(B)를 이용한 단측 초과확률(기준 0.25)이다.

Sheet Helper
A1: 오답률 u_i | B1: Ettin-dec-150M P(정답)
A2: =Data!AN2 -> 38 | B2: =INDEX(Data!$K2:$O2,Data!$E2) -> 15.122458
A3: =Data!AN3 -> 51.9 | B3: =INDEX(Data!$K3:$O3,Data!$E3) -> 25.61456
A4: =Data!AN4 -> 52.9 | B4: =INDEX(Data!$K4:$O4,Data!$E4) -> 49.203893
A5: =Data!AN5 -> 61.1 | B5: =INDEX(Data!$K5:$O5,Data!$E5) -> 29.618857
A6: =Data!AN6 -> 59.8 | B6: =INDEX(Data!$K6:$O6,Data!$E6) -> 18.418935
A7: =Data!AN7 -> 55.5 | B7: =INDEX(Data!$K7:$O7,Data!$E7) -> 47.404612
A8: =Data!AN8 -> 63.5 | B8: =INDEX(Data!$K8:$O8,Data!$E8) -> 14.940552
A9: =Data!AN9 -> 54 | B9: =INDEX(Data!$K9:$O9,Data!$E9) -> 58.659739
A10: =Data!AN10 -> 60.2 | B10: =INDEX(Data!$K10:$O10,Data!$E10) -> 98.166119
A11: =Data!AN11 -> 80.1 | B11: =INDEX(Data!$K11:$O11,Data!$E11) -> 12.516128
A12: =Data!AN12 -> 81.6 | B12: =INDEX(Data!$K12:$O12,Data!$E12) -> 26.803949
A13: =Data!AN13 -> 80.5 | B13: =INDEX(Data!$K13:$O13,Data!$E13) -> 55.647664
... A716: =Data!AN716 -> 53.3 | B716: =INDEX(Data!$K716:$O716,Data!$E716) -> 60.541095

Sheet Notes
A1: 문항별 정합성 결과 — 논문 기준 (부록 A 수식 구현) · Ettin-dec-150M 단독판 · Clark식 단어 수준 집계(agg word) 판 · 확률 고정밀(반올림 없음)
A3: ■ 대상 모델
A4: 표기 Ettin-dec-150M
A5: 체크포인트 jhu-clsp/ettin-decoder-150m
A6: 규모 150M
A7: 예측 구조 좌→우 자기회귀 (연쇄 log-likelihood, BOS 포함) · Ettin 짝 디코더
A8: 위치 Ettin 짝 비교
A10: ■ 이 파일의 모든 통계량은 Excel 수식으로 계산되며 하드코딩된 값이 없다.
A11: Data 시트의 오답·순위·상관·α 열은 전부 수식이므로 셀을 클릭하여 검증할 수 있다.
A12: ('독립검산' 시트만 Python/SciPy 재계산 결과를 값으로 수록한다.)
A14: ■ 산출 범위
A15: 표 1·표 2는 정답(c_i)을 제외한 오답 4개만을 대상으로 한다.
... A39: ■ 독립검산: '독립검산' 시트에 Python/SciPy 재계산값과 수식값 대조(허용 오차 1e-9)를 수록하였다.

Sheet 독립검산
A1: 표 1. 독립 재계산 검산판 · Ettin-dec-150M
A2: 모델 | B2: Pearson r̄ | C2: Spearman ρ̄ | D2: Kendall τ̄_b | E2: n
A3: Ettin-dec-150M | B3: 0.13337055 | C3: 0.13992229 | D3: 0.11715396 | E3: 715
A5: 표 2. 독립 재계산 검산판 · Ettin-dec-150M
A6: 모델 | B6: n_err | C6: ᾱ | D6: 1순위(%) | E6: 2순위(%) | F6: 3순위(%) | G6: 4순위(%) | H6: 1순위 문항수 | I6: 합계(%) | J6: Top-1 이항 p
A7: Ettin-dec-150M | B7: 376 | C7: 0.73931266 | D7: 30.319149 | E7: 25 | F7: 25.797872 | G7: 18.882979 | H7: 114 | I7: 100 | J7: 0.011202599
A8: 무작위 기준선 | C8: 0.71022882
A10: 부록 A.5. R [독립 재계산]
A11: 모델 | B11: R | C11: n
A12: Ettin-dec-150M | B12: -0.12031137 | C12: 715
A14: 수식 구현값과 독립 재계산값의 대조 (수식 구현값 열은 Summary 시트 참조 수식)
A15: 항목 | B15: 수식 구현값 | C15: 독립 재계산값 | D15: 절대차 | E15: 판정
A16: Pearson r̄ | B16: =Summary!$B$3 -> 0.13337055 | C16: 0.13337055 | D16: =ABS(B16-C16) -> 0 | E16: =IF(D16<0.000000001,"일치","불일치") -> 일치
A17: Spearman ρ̄ | B17: =Summary!$C$3 -> 0.13992229 | C17: 0.13992229 | D17: =ABS(B17-C17) -> 0 | E17: =IF(D17<0.000000001,"일치","불일치") -> 일치
A18: Kendall τ̄_b | B18: =Summary!$D$3 -> 0.11715396 | C18: 0.11715396 | D18: =ABS(B18-C18) -> 0 | E18: =IF(D18<0.000000001,"일치","불일치") -> 일치
A19: 상관 n | B19: =Summary!$E$3 -> 715 | C19: 715 | D19: =ABS(B19-C19) -> 0 | E19: =IF(D19<0.000000001,"일치","불일치") -> 일치
A20: 오류 문항 수 n_err | B20: =Summary!$B$7 -> 376 | C20: 376 | D20: =ABS(B20-C20) -> 0 | E20: =IF(D20<0.000000001,"일치","불일치") -> 일치
A21: 평균 α | B21: =Summary!$C$7 -> 0.73931266 | C21: 0.73931266 | D21: =ABS(B21-C21) -> 0 | E21: =IF(D21<0.000000001,"일치","불일치") -> 일치
A22: 1순위 비율(%) | B22: =Summary!$D$7 -> 30.319149 | C22: 30.319149 | D22: =ABS(B22-C22) -> 0 | E22: =IF(D22<0.000000001,"일치","불일치") -> 일치
A23: 2순위 비율(%) | B23: =Summary!$E$7 -> 25 | C23: 25 | D23: =ABS(B23-C23) -> 0 | E23: =IF(D23<0.000000001,"일치","불일치") -> 일치
A24: 3순위 비율(%) | B24: =Summary!$F$7 -> 25.797872 | C24: 25.797872 | D24: =ABS(B24-C24) -> 0 | E24: =IF(D24<0.000000001,"일치","불일치") -> 일치
A25: 4순위 비율(%) | B25: =Summary!$G$7 -> 18.882979 | C25: 18.882979 | D25: =ABS(B25-C25) -> 0 | E25: =IF(D25<0.000000001,"일치","불일치") -> 일치
A26: Top-1 문항수 | B26: =Summary!$H$7 -> 114 | C26: 114 | D26: =ABS(B26-C26) -> 0 | E26: =IF(D26<0.000000001,"일치","불일치") -> 일치
A27: 단측 이항 p | B27: =Summary!$J$7 -> 0.011202599 | C27: 0.011202599 | D27: =ABS(B27-C27) -> 1.1345092e-15 | E27: =IF(D27<0.000000001,"일치","불일치") -> 일치
A28: 난이도-정답확률 R | B28: =Summary!$B$12 -> -0.12031137 | C28: -0.12031137 | D28: =ABS(B28-C28) -> 0 | E28: =IF(D28<0.000000001,"일치","불일치") -> 일치
A29: 무작위 기준 ᾱ | B29: =Summary!$C$8 -> 0.71022882 | C29: 0.71022882 | D29: =ABS(B29-C29) -> 0 | E29: =IF(D29<0.000000001,"일치","불일치") -> 일치
A31: 입력 데이터 및 예외 검증
A32: 메타정보 원자료 행수 | B32: 761
A33: 분석대상 행수 | B33: 715
A34: 모델 선택(argmax) 검증 통과 행 | B34: 715
A35: 상관 영분산 문항 | B35: 0
A36: 학생 오답 선택률 동점 문항 | B36: 24
A37: 공동 최다 오답 문항 | B37: 4
A38: 오류 선택이 동점률에 걸린 사례 | B38: 7
